{
  "dependencies": {
    "react": "^18.3.1",
    "react-dom": "^18.3.1"
  },
  "devDependencies": {
    "@originjs/vite-plugin-federation": "1.3.5",
    "@eslint/js": "^9.17.0",
    "@types/react": "^18.3.18",
    "@types/react-dom": "^18.3.5",
    "@vitejs/plugin-react": "^4.3.4",
    "eslint": "^9.17.0",
    "eslint-plugin-react-hooks": "^5.0.0",
    "eslint-plugin-react-refresh": "^0.4.16",
    "globals": "^15.14.0",
    "typescript": "~5.6.2",
    "typescript-eslint": "^8.18.2",
    "vite": "^6.0.3"
  }
}
